Title,Author,journal,year,link
"""Title of the Third Publication""","""Student Name, Faculty Advisor""","""Journal Name""","""Year""",
"""Title of the Third Publication""","""Student Name, Faculty Advisor""","""Journal Name""","""Year""",
"""Title of the Third Publication""","""Student Name, Faculty Advisor""","""Journal Name""","""Year""",
"""Title of the Third Publication""","""Student Name, Faculty Advisor""","""Journal Name""","""Year""",
"""Title of the Third Publication""","""Student Name, Faculty Advisor""","""Journal Name""","""Year""",
"""Title of the Third Publication""","""Student Name, Faculty Advisor""","""Journal Name""","""Year""",
"""Title of the Third Publication""","""Student Name, Faculty Advisor""","""Journal Name""","""Year""",
"""Title of the Third Publication""","""Student Name, Faculty Advisor""","""Journal Name""","""Year""",
"""Title of the Third Publication""","""Student Name, Faculty Advisor""","""Journal Name""","""Year""",
"""Title of the Third Publication""","""Student Name, Faculty Advisor""","""Journal Name""","""Year""",
"""Title of the Third Publication""","""Student Name, Faculty Advisor""","""Journal Name""","""Year""",
"""Title of the Third Publication""","""Student Name, Faculty Advisor""","""Journal Name""","""Year""",
"""Title of the Third Publication""","""Student Name, Faculty Advisor""","""Journal Name""","""Year""",
"""Title of the Third Publication""","""Student Name, Faculty Advisor""","""Journal Name""","""Year""",
"""Title of the Third Publication""","""Student Name, Faculty Advisor""","""Journal Name""","""Year""",
"""Title of the Third Publication""","""Student Name, Faculty Advisor""","""Journal Name""","""Year""",
"""Title of the Third Publication""","""Student Name, Faculty Advisor""","""Journal Name""","""Year""",
"""Title of the Third Publication""","""Student Name, Faculty Advisor""","""Journal Name""","""Year""",
"""Title of the Third Publication""","""Student Name, Faculty Advisor""","""Journal Name""","""Year""",
"""Title of the Third Publication""","""Student Name, Faculty Advisor""","""Journal Name""","""Year""",
"""Title of the Third Publication""","""Student Name, Faculty Advisor""","""Journal Name""","""Year""",
"""Title of the Third Publication""","""Student Name, Faculty Advisor""","""Journal Name""","""Year""",
"""Title of the Third Publication""","""Student Name, Faculty Advisor""","""Journal Name""","""Year""",
"""Title of the Third Publication""","""Student Name, Faculty Advisor""","""Journal Name""","""Year""",
"""Title of the Third Publication""","""Student Name, Faculty Advisor""","""Journal Name""","""Year""",
"""Title of the Third Publication""","""Student Name, Faculty Advisor""","""Journal Name""","""Year""",
"""Title of the Third Publication""","""Student Name, Faculty Advisor""","""Journal Name""","""Year""",
"""Title of the Third Publication""","""Student Name, Faculty Advisor""","""Journal Name""","""Year""",
"""Title of the Third Publication""","""Student Name, Faculty Advisor""","""Journal Name""","""Year""",
"""Title of the Third Publication""","""Student Name, Faculty Advisor""","""Journal Name""","""Year""",
"""Title of the Third Publication""","""Student Name, Faculty Advisor""","""Journal Name""","""Year""",
"""Title of the Third Publication""","""Student Name, Faculty Advisor""","""Journal Name""","""Year""",
"""Title of the Third Publication""","""Student Name, Faculty Advisor""","""Journal Name""","""Year""",
"""Title of the Third Publication""","""Student Name, Faculty Advisor""","""Journal Name""","""Year""",
"""Title of the Third Publication""","""Student Name, Faculty Advisor""","""Journal Name""","""Year""",
"""Title of the Third Publication""","""Student Name, Faculty Advisor""","""Journal Name""","""Year""",
"""Title of the Third Publication""","""Student Name, Faculty Advisor""","""Journal Name""","""Year""",
"""Title of the Third Publication""","""Student Name, Faculty Advisor""","""Journal Name""","""Year""",
"""Title of the Third Publication""","""Student Name, Faculty Advisor""","""Journal Name""","""Year""",
"""Title of the Third Publication""","""Student Name, Faculty Advisor""","""Journal Name""","""Year""",
"""Title of the Third Publication""","""Student Name, Faculty Advisor""","""Journal Name""","""Year""",
"""Title of the Third Publication""","""Student Name, Faculty Advisor""","""Journal Name""","""Year""",
"""Title of the Third Publication""","""Student Name, Faculty Advisor""","""Journal Name""","""Year""",
"""Title of the Third Publication""","""Student Name, Faculty Advisor""","""Journal Name""","""Year""",
"""Title of the Third Publication""","""Student Name, Faculty Advisor""","""Journal Name""","""Year""",
"""Title of the Third Publication""","""Student Name, Faculty Advisor""","""Journal Name""","""Year""",
"""Title of the Third Publication""","""Student Name, Faculty Advisor""","""Journal Name""","""Year""",
"""Title of the Third Publication""","""Student Name, Faculty Advisor""","""Journal Name""","""Year""",
"""Title of the Third Publication""","""Student Name, Faculty Advisor""","""Journal Name""","""Year""",
"""Title of the Third Publication""","""Student Name, Faculty Advisor""","""Journal Name""","""Year""",
"""Title of the Third Publication""","""Student Name, Faculty Advisor""","""Journal Name""","""Year""",
"""Title of the Third Publication""","""Student Name, Faculty Advisor""","""Journal Name""","""Year""",
"""Title of the Third Publication""","""Student Name, Faculty Advisor""","""Journal Name""","""Year""",
"""Title of the Third Publication""","""Student Name, Faculty Advisor""","""Journal Name""","""Year""",
,"""Student Name, Faculty Advisor""","""Journal Name""","""Year""",
,,,Year,
